id, name
1,Abercromby Burnet
2,Larkins Thomas
3,Acland Thomas Palmer
4,Acton John
5,Adair Alexander
6,Adair John
7,Adams Edward Lambert
8,Adams Frederick
9,Adams Robert
10,Adams William (pilot)
11,Larkins Thomas
12,Adamson William
13,Adderley William
14,Adlie J. M.
15,Ager Henry
16,Agnew William
17,Aldham Thomas Wedlock
20,Alexander John
21,Allen John
22,Allen Thomas
23,Allison John
24,Allnutt Richard
25,Allwright Richard
26,Alsager Richard
27,Alton John
28,Anderson Archibald
29,Anderson John
30,Anderson Robert
31,Andrews Jonathan
32,Andrews Joseph
33,Andrews Peter
34,Angus James
35,Anselme Abraham
36,Anstice James Patten
37,Anstis Nicholas
38,Aplin Richard
39,Applegath Augusta Joseph
40,Applegath William
41,Arbuthnot George Clerk
42,Archer Henry
43,Arhur David
44,Arkcoll Charles
45,Arthur David
46,Asquith David
47,Atkins John
48,Atkins Walter
49,Atkinson John Augustus
50,Atkyns Thomas
51,Auber Henry Peter
52,Aubone Thomas
53,Avarne Hamilton Blair
54,Ayton Richard
55,Backwell Duncan
56,Baddison Thomas
57,Bagwell George
58,Baird John
59,Baker David Bristow
60,Baker Felix
61,Baker George
62,Baker John Valentine
64,Baker Sampson
65,Baker Thomas
66,Baker William
67,Balchen John
68,Balderston Thomas Francis
69,Baldwin James
70,Ballantyne Alexander
71,Ballantyne George
72,Balston Edward
73,Bampton W.
74,Barber Benjamin
75,Barber James
76,Barclay Andrew
77,Barfoot John
78,Barkeley Charles
79,Barker James
80,Barker John
81,Barker Robert
82,Barker Thomas
83,Barkley John
84,Barnard Charles
85,Barnes John
86,Baron Christopher
87,Barre Henry
88,Barrow Edward
89,Barrow Thomas
90,Barrow Thomas William
91,Bartlet John
92,Bartlett John
93,Barwell James
94,Baskett Roger
95,Basse William
96,Bathie George Kinnaird
97,Bax Henry Bonham
98,Bayliff Thomas Gabriel
99,Baylis Philip
100,Baynes William
101,Beach Charles
102,Beadle Samuel
103,Beale Joseph
104,Beamish George
105,Beawes William
106,Becher Henry
107,Beckford Thomas
108,Beddiford Nicholas
109,Beeckman Daniel
110,Beevor Horatio
111,Bell John
112,Bendy Richard
113,Benfield Richard
114,Benson Henry
115,Benson William Earl
116,Bere George
117,Beresford William
118,Berrow Edward
119,Best George
120,Best Thomas
121,Betton Robert
122,Betts Luckyn
123,Bickell John
124,Bickley ?
125,Biden Christopher
126,Birch Jonathan
127,Birch William
128,Birkdell James
129,Birkhead Charles
130,Bishop James Thomas
131,Bitham George
132,Blachford George
133,Black ?
134,Blackburn John
135,Blackman Jeremy
136,Blackman Maurice
137,Blackwell Duncomb
139,Blair Thomas
140,Blake Benjamin
141,Blake John
142,Blakely William R.
143,Blanshard John
144,Blanshard John Atkinson
145,Blany Thomas
146,Blewitt John
148,Blow Thomas
149,Blundell William
150,Blyth James
151,Blyth Richard
152,Boddam Charles
153,Bolton Richard
154,Bond Essex Henry
155,Bond John
156,Bonham Charles
157,Bonham George
158,Bonham Pison
159,Bonnell John
160,Bookey Matthew
161,Bookey William
162,Bootle Matthew
163,Bootle Robert
164,Borradaile Thomas
166,Boucker Benjamin
167,Boulderson Joseph
168,Boultbee Edward Moore
169,Boulton Richard
170,Bowen Robert
171,Bowen William Atkins
172,Bower John
173,Bowers John
174,Bowland John
175,Bowman David
176,Boyce John
177,Boyd Matthew
178,Boyes Thomas
179,Brabazon William
180,Braddyll John
181,Bradford Edward Chapman
183,Braithwaite George Mott
184,Brand William and Robert Pope
185,Braund Benjamin
186,Bressey William
187,Bretrell Thomas 
189,Bridges William
190,Bristow Henry
191,Broadley Henry
192,Broadley John
193,Bromfield Philip
194,Bromwell John
195,Brooke Robert
196,Brookhaven John
197,Brooks Octavus
198,Brooks Richard
199,Brooks Robert
200,Broughton Bryan
201,Brown Benjamin
202,Brown Christopher
203,Brown Edward
204,Brown Forster
205,Borwn James
206,Brown James Temple
207,Brown John
208,Brown Robert
209,Brown Robert Hunter
210,Brown Robert Railston
211,Brown Thomas
212,Browne Gunter Lyde
213,Browne Leonard
214,Browne Philip
215,Browne Thomas
216,Buchanan Thomas
8409,Nelly Francis
218,Buchnan John
219,Buggin James
221,Bull Samuel
222,Bullock Henry
223,Bunn Benjamin
224,Burdett Richard
225,Burdett Robert
226,Burges Henry
227,Burgess Thomas
228,Burgess. William
229,Burgh ?
230,Burnett James B.
231,Burnyeat Philip
232,Burrish George Luke
233,Burrowes Christopher
234,Burrowes Robert
235,Burt Patrick
236,Burt Patrick Henry
237,Butler Charles William
238,Butler Samuel
239,Butler Thomas
240,Butta Emanuel
241,Buttenshaw Thomas
242,Caise John
243,Calbreath George
244,Camell John
245,Cameron Allan
246,Cameron John
247,Cameron Peter
248,Campbell Alexander
249,Campbell Archibald Henry
250,Campbell John
251,Campbell Patrick
252,Campbell Peter
253,Campbell Walter
254,Campbell William
255,Cape Jonathan
256,Carey Richard
257,Carnegy James
259,Carr Robert
260,Carr William
261,Carruthers Walter
262,Andrews Joseph
263,Carswell John
264,Carter Edwin
265,Carter Roger
266,Castleton Samuel
267,Catline William
268,Cattin William
269,Andrews Thomas Welladvice 
270,Chamblet Samuel
271,Chambre James
272,Chapman Alfred
273,Chapman Henry Cleaver
274,Charlton William
275,Charretie John
276,Chatfield Allen
277,Chauvet David
278,Cheap Thomas
279,Cheyne Francis
280,Chick Edward Lord
281,Chisolme Charles
282,Christian Edward
283,Christie Charles
285,Christopher Henry
286,Christopher John
287,Chrystie Alexander
288,Churchill Henry
289,Clapham Thomas
290,Clark Thomas
291,Clarke Charles
292,Clarke Daniel
293,Clarke John
294,Clarke Patrick
295,Clarke William Stanley
296,Clarkson Joseph
297,Clements John
298,Clevenger  Charles
299,Cliff Henry
300,Clifford Richard
301,Clifton William
302,Coates Thomas
303,Coatsworth Charles
304,Cobb Henry
305,Cobham Stephen
306,Cobreth William
307,Coggan John
308,Cole Richard
309,Collett Jonathan
310,Collett Pitt
311,Collett Thomas
312,Collier Joseph
313,Collins John
314,Collins Lorenzo
315,Colnett Richard
316,Colthurst Christopher
317,Compton Thomas
318,Compton William
319,Congreve Ralph
320,Connis John
321,Consett William
322,Constable John
323,Cook John
324,Cook Rochard
325,Cooke Edmund
326,Cooke George
327,Cooke John
328,Cooke Thomas
329,Cooke William
330,Cooper Allen
331,Cooper E.
332,Corbynpo Joseph
333,Corner Isaac
334,Corner John
335,Cotton Charles Bowland
336,Cotton John
337,Cotton Joseph
338,Court Jonathan
339,Court Matthew
340,Court Thomas Watken
341,Courthope Nathaniel
342,Cowles Jacob
343,Cowper George
344,Coxon John
345,Coxwell Edward
346,Coxwell James
347,Coytmore Rowland
348,Crabb James George
349,Crabb Richard
350,Craddock John
351,Cragie John
352,Craig John
353,Craig Milliken
354,Craigie John
355,Cranstoun John
356,Creswell Francis
357,Cribb John
358,Crichton Thomas
359,Crihton James
360,Cristall John
361,Cromartie James
362,Crompton William
363,Cross John
365,Crowther William
366,Cruickshank John
367,Cruickshank William
368,Cumberlege Altham
8562,Norway Neville
371,Cumine Adam
372,Cuming Alexander
373,Cumming Edward
374,Cumming George
375,Cumming Robert
376,Cummings Robert
377,Curling Robert
378,Curtis Anthony
379,Curtis George
380,Cush Nathaniel
381,D'Abbadie Francis
382,Dale James
383,Dale John
384,Dalrymple James
385,Dalrymple Robert Stair
386,Dalrymple William H. C.
387,Dampier Edward
388,Asquith David
389,Dance Nathaniel jr
390,Daniell Edward M.
391,D'Auvergne Philip
392,Davis William James
393,Davison John
394,Dawes Abraham
395,Dawkins Jeremiah
396,Dawney Thomas
397,Deane Charles
398,Debuke Thomas
400,Delafons Thomas
401,Dempster John Hamilton
402,Atkins Thomas
403,Denis John
404,Dennett Thomas
405,Dennis Benjamin
406,Dennison Robert
407,Denniston William
408,Denny George
409,Denton Thomas
410,D'Esterre William Parker
411,Dethick Thomas
412,Dewar James
413,Dickenson Henry
414,Dixon George
415,Dobree John
8608,O'Hara Geoffre
417,Dodds Luke
418,Dominicus Abraham
419,Donaldson William
420,Dorin James
12358,White William Tyron
422,Dormer Thomas
423,Dorrell Richard
424,Dorrill Robert
425,Douglas George
426,Douglas Peter
427,Doves Cobham
428,Doveton Richard
429,Downton Nicholas
430,Drake James J.
431,Drake Richard
432,Driver Thomas
433,Drummond Adam
434,Drummond Andrews
435,Drummond Charles
436,Drummond Robert
437,Dudman Joseph
438,Duffield Henry
439,Duffin Robert
440,Dumbleton Thomas
441,Dunbar William Henry
442,Dundas Charles
443,Dundas George
444,Dundas James
445,Dundas Philip
446,Dundas Ralph
447,Dunkin Thomas
448,Dunlop Anthony
449,Dunlop David
450,Dunsford William
451,Durand John Jun
452,Earle William
453,Eastabrooke John
455,Eastfield Wm. John
456,Backwell Duncan
457,Eckford John
458,Edgecumbe Leonard
459,Edmeades William
460,Edwards James
461,Edwards John
462,Edwards Lewis Owen
463,Edwards Richard
464,Egerton William
465,Eggleston C.
466,Eglinton Anthony
467,Eilbreck B.
468,Elkington James
469,Elkington Thomas
470,Elliott Joseph
471,Ellis Edward Smith
472,Elliston Edmund
473,Elliston Edward
474,Elmore Henry Mathias
475,Elphinstone William
476,Elsmore John
477,Erwyn George
478,Esplin John
479,Evans Arthur
480,Evans John
481,Everest Roger Barnston
483,Eyles James
484,Eymout John
485,Fairfax James
486,Fairfax William
487,Fairfull Robert
488,Faith William
489,Farington Richard Atherton
490,Farington William
491,Farquharson James
492,Farrer Henry
493,Farrer William Elisha
494,Farrer William Ward
495,Fea Peter
496,Fearon James Peter
497,Fellers John H.
498,Fellowes William Dorset
499,Fenn Bernard
500,Fenner Parson
502,Fergusson Benjamin
503,Fernell William
504,Fewson Thomas
505,Field Thomas
506,Field Timothy
507,Fiott Edward
508,Fisher Benjamin
509,Fisher Francis
510,Fisher Robert
511,FitzHugh William
512,Fletcher Henry
513,Flower John
514,Fogo Alexander
515,Foord Edward
516,Foot John
517,Forbes George
518,Forbes James Keith
519,Ford Henry William
520,Forrest Thomas
521,Forrester Bernard
522,Fortescue Francis
523,Foster James
524,Foster William
525,Fotheringham Alexander
526,Foubister Peter
527,Foulis Charles
528,Foulkes John Davy
529,Foulls Charles
530,Fowler Francis
531,Fowler Robert Cook
533,Fox Gilson Reeves
534,Fox John
535,Foxall Thomas
536,Foy James
538,Francklin Richard
539,Franklin John
540,Franklin John Robinson
8282,Mumford John 
542,Fraser Hugh
543,Fraser John Small Henry
544,Fraser William
545,Frayer James
546,Freeman Fielder
547,Freeman John
548,Freke William
549,Frognall Phineas
550,Frognall Thomas
551,Fulcher William Barker
552,Gaillard Frederick
553,Gale John
554,Gallon John
555,Galloway
556,Gamage William Dick
557,Gardiner Henry
558,Gardiner Martin
559,Gardner Patrick
560,Garnault Joseph
561,Gayer John
562,Gelston William
563,Gerrard John
564,Gib Colin
565,Gilbert Charles
566,Gilbert Thomas
567,Gilmore John
568,Gilmore Mungo
569,Gilpin Thomas
570,Glasspoole Richard
571,Gledstanes Albert
572,Glegg Henry
573,Glover Alphonsus
574,Godfrey Benjamin
575,Godfrey Edward
576,Gooch George
577,Goodall Bartholomew
578,Goodfellow John
579,Goodlad William
580,Goodman Samuel
581,Goodsole John
582,Gordon Charles
583,Gordon John
584,Gordon Peter
585,Gordon William
586,Gore Arthur
587,Gosfright Richard
588,Gosnall Benjamin
589,Gostlin Francis
590,Gough Charles
591,Gough Henry
592,Gowland Benjamin
593,Graham Charles
594,Graham Thomas
595,Grainger Richard
596,Grant James Ludovic
597,Grant Peter
598,Grantham Caleb
599,Grantham Nathaniel
600,Grantham Sir Thomas
601,Gray Alexander
602,Gray George
603,Green Abraham
604,Barclay or Barkeley Charles
606,Greenway William Brown
607,Greer William
608,Gregorie Charles
609,Grey Robert
611,Gribble Charles Besly
612,Gribble Henry
613,Grieve Andrew
614,Griffin John
615,Grote Joseph
616,Grove Philip
617,Grueber Henry
618,Guise John
619,Gyfford William
620,Haddock Joseph
621,Haggis Charles
622,Haig James
623,Haig William
624,Haldane James
625,Haldane John
626,Haldane Robert
627,Hale Roger
628,Halkett Henry
629,Hall John
630,Hall Joseph
631,Hall Richard
632,Hall Sampson
633,Hall William
634,Hallett John
635,Hallewell John
636,Halliburton James
637,Hambly William
638,Hamilton Alexander
639,Hamilton Archibald
640,Hamilton James
641,Hamilton John
642,Hamilton Montgomerie
643,Hamilton William
644,Hammett William
645,Hammond Henry
646,Hancock Nathaniel
647,Hannay Andrew
648,Hanslapp Robert
649,Hardcastle William
650,Harding John
651,Hardinge Richard
652,Hardwicke Peter
653,Hardyman William Henry
655,Harman Thomas Jr.
657,Harriman Edward
658,Harrington Thomas Talbot
659,Harris Christopher
660,Harris Francis
661,Harris Henry
662,Harris Thomas Herbert
663,Harrison Edward
664,Harrison William
665,Harrower George
666,Harry Benjamin
667,Harry Thomas
668,Hasell John
669,Hassey John
670,Hatch John
671,Havard Thomas
672,Haviside Thomas
673,Haviside William
674,Hawes Stephen
675,Hawkey William
676,Hawkins Giles
677,Hawkins William
678,Hay James
679,Hay Robert
680,Hay William
681,Hayes John
682,Hayes Thomas
683,Haynes William
684,Hayter George
685,Hayward John
686,Head James
687,Heath John
688,Heath William
689,Heathorn J L
690,Heathorn William
691,Heaviside Thomas
692,Hedley Thomas
693,Heming George
694,Henderson George
695,Henning Alexander
696,Hepworth Brodie
697,Herbert Philip
698,Hereford John
699,Hicks John
700,Hicks Zachary
701,Hide Jonathan jr.
703,Hide Samuel
704,Hill Charles &Dennis Benjamin
705,Hill John
706,Hillman John
707,Hilton John Woodbridge
708,Hinde Thomas
709,Hindman Josiah
710,Hindman Thomas
711,Hine John
712,Hippon Anthony
713,Hitchings John
714,Hoadley Henry
715,Hoare Daniel Griffiths
716,Hodgson Thomas
717,Hodson Sir Charles
718,Hodson Thomas
719,Hogg Robert
720,Holden Richard
721,Holden Thomas
722,Holford Arthur
723,Holiday George
724,Holman Francis
725,Holman William
726,Holmes Robert
727,Hooke Benjamin
729,Hooke Walter
730,Hooper Charles
731,Hooper George
732,Hope William
733,Hore Matthew
734,Hornblow William
735,Horncastle James
736,Horsburgh James
737,Hosmer Henry
738,Hough Samuel
739,Houghton John
740,Hounsell Richard
741,Hounsell Thomas 
742,Howe Thomas
743,Howes Christopher
744,Hoxton Walter
745,Huddart Joseph
746,Huddart William
747,Hudson Charles
748,Hudson Henry
749,Hudson John
750,Hudson Robert jr
752,Hudson Thomas 
753,Hughes Henry
754,Hughes Philip
755,Hughes Robert
756,Hume Alexander
757,Humphrey Bryant
758,Hunt James
759,Hunt Richard
760,Hunt Thomas
761,Hunt William
762,Hunter Henry
763,Hunter John
764,Hunter William
765,Hurdis James
766,Hurle John
767,Hurst Robert
768,Hutchinson George
769,Hutchinson Henry
770,Hutchinson Norton
771,Hutchinson William
772,Hutt Richard
773,Hutton William Charles
774,Hyde Robert
775,Hyde Samuel
776,Ibister David
777,Inglis Cornelius
778,Innes John
779,Irvine ?
781,Isacke Matthew
782,Isacke Robert M
783,Jackson Abraham
784,Jackson George
785,Jackson J H
786,Jackson James
787,Jackson Jeffrey
788,Jackson Joseph
789,Jago Samuel
790,James Walter
791,Jameson Alexander
792,Jameson James
793,Jeffreys J P
794,Jenifer James
795,Jenkins Benjamin
796,Jenkins Robert
797,Jenkins Thomas
798,Jesson Randle
799,Jobson William
800,Jodrell Philip
801,Johnson ?
802,Johnson Francis
803,Johnson James
804,Johnson John
805,Johnson John Edward
806,Johnson Magnus
807,Johnson Robert
808,Johnson Thomas
809,Johnson Thomas Alexander
810,Johnston John
811,Johnstone Charles K.
812,Jones Benjamin
813,Jones Charles
814,Jones John
815,Jones Thomas
816,Jordan Michael
817,Kay Brook
818,Kay James
819,Keate Samuel
820,Keble Page
821,Keeling William
822,Kellaway James
823,Kelso George
824,Kemeys Reginald
825,Kempt Francis
826,Kempt Rodney
827,Kempthorne John
828,Kendall Harry
829,Kent George
830,Kent Henry
831,Kerr Robert
832,Kesar Charles
833,Kidd Thomas
834,Kilvert Roger
835,Kirby Richard
836,Kirkpatrick John
837,Kirwan Stevens
838,Knox Robert
839,knox william
840,Kymer Christopher
841,Ladd William Henry
842,Lake Samuel
843,Lamb Edwin
844,Lamb James Thomas
845,Lambe John
846,Lambert Thomas
847,Lambert William
848,Lancaster James
849,Landon Samuel
850,Lane John
851,Langworth Thomas
852,Larkins John Pascal
853,Larkins Thomas
854,Larkins William
855,Lascelles Henry
856,Lascelles Peter
857,Lasinby Richard
858,Lauder John
859,Laurence Ambrose
860,Laurie Henry
861,Lawrence John
862,Lawson John
863,Lawson Patrick
864,lay William
865,Laycock Richard
866,Layman William
867,LeBlanc Charles Henry
868,Le Geyt Carteret
869,le Huquet Philip
870,Leader James
872,Ledger Edward
873,Lee James
874,Lee Simon
875,Leech Thomas Watson
876,Leigh Francis William
877,Leigh Henry
878,Leith John
879,LeMesurier Frederick
880,Lennox Charles
881,Lennox John
882,Lesley John
883,Levy John
884,Lewin Gregory Moffat
885,Lewin Richard Jr.
887,Lewis John
888,Lewis Josiah
889,Lewis Samuel
890,Lewis Thomas
891,Ley Thomas
892,Liddell Henry
893,Lindegreen Charles
894,Lindsay Alexander
9087,Phillips Joseph
896,Lindsay George
897,Lindsay the Hon Hugh
898,Lindsay James
899,Lindsay Martin
900,Lindsay Robert
901,Benfield Richard
902,Lindsey edward
903,Lloyd John
904,Loch John
905,Lochner John Christopher
907,Locke John Jr
908,Locke John Jr.
909,Locke Robert
910,Logan John
911,Lorner John
912,Louth Matthew
913,Lowe Benjamin
914,Lowe John
915,Lowis Ninian
916,Luard John
917,Luhorne Nicholas
918,Luke John
919,Lukin George
920,Lushington Thomas
921,Lyde Samuel
922,Lyell Christopher
923,Lyell Robert
924,Lyell Thomas
925,Lymbrey William
926,Lynch William
927,Lynn Thomas
928,Lytton George
929,Mabbot William
930,MacDougall Dugald
931,MacFarlane C. P.
932,Mackeson Thomas
933,Mackintosh John
934,Mackintosh William
935,MacLeod Alexander
936,MacLeod Donald
937,MacLeshin Peter
938,Macnamara John
9131,Pigou Peter 
940,MacNamara William
941,MacTaggart Thomas
942,Madan Frederick
943,Maddox Leonard
944,Madge Thomas
945,Mainwaring Roger
946,Maitland Patrick
947,Maitland Samuel
948,Malim ?
949,Mallack Newton
950,Mallison John
951,Man Eustace
953,Manderson John Rennie
954,Mangles Charles Edward
955,Manly Thomas
956,Manning Edward
957,Manning William
958,Mansell James P.
959,Marjoribanks Campbell
960,Marjoribanks William
961,Marlowe Edward
962,Marquis Thomas
963,Marshall David
964,Marshall John
965,Martin Edward
966,Martin George
967,Martin James
968,Martin John
969,Martin Matthew
970,Martin Samuel
971,Martyr William
972,Betts Luckyn
973,Mash Robert Abbon
974,Mason Andrew Timbrell
975,Mason Benjamin
976,Mason Charles
977,Mason George
978,Massey Charles
979,Massey Edmund
980,Masson james
981,Master William Gordon
982,Matthews George
983,Maw Robert
984,Mawson William
985,Maxwell Arthur 
986,Maxwell William
987,May Robert
988,Mayne Charles Otway
989,Mayne John
990,McCall George
991,McCulloch James
992,McInnes George
993,McIntosh CC
994,McIntosh John
995,McMillan Iver
996,McNab Angus
8358,Myers Roger
998,McTaggart John Orr
999,Mead Robert
1000,Meadows Dixon
1001,Meard George
1002,Mears Charles
1003,Mears William
1004,Mercer William
1005,Meriton Henry
1006,Meriton Richard
1007,Merry John
1008,Mertho John
1009,Michelborne Sir Edward
1010,Micklefield Richard
1011,Middleton David
1012,Middleton John
1013,Middleton Sir Henry
1014,Miller
1015,Miller David
1016,Milles John
1017,Millet John
1018,Millett George
1019,Millett Nicholas
1020,Mills John
1021,Milner Roger
1022,Milner William
1023,Minors William
1024,Minter Lawrence
1025,Misenor John
1026,Misenor Robert
1027,Mitchell Bruce
1028,Mitchell Sir Charles
1029,Mitchell David
1030,Mitchell Gilbert
1032,Mitchell Stephen
1033,Mitchell William
1034,Mitford Charles
1035,Moffat William
1036,Moffatt James
1037,Moffatt William
1038,Monck Thomas
1039,Moncrieff Lewis W.
1041,Money John
1042,Money William Taylor
1043,Bishop James Thomas
1044,Monro James
1045,Monro Robert
1046,Montagu William Augustus
1047,Montgomerie Alexander
1048,Montgomery James
1049,Moore Samuel
1050,Morgan Michael
1051,Morgan Robert
1052,Moring James
1053,Morris Arthur
1054,Morris William
1055,Morrison Richard
1056,Mortimer Thomas
1057,Mortlock Charles
1058,Mortlock Charles 
1059,Mortlock James
1060,Morton Matthew
1061,Motley Thomas
1062,Muirhead A.
1063,Mumford John
1064,Munro Daniel Nesbitt
1065,Murray Anthony
1066,Murray James
1067,Murray Thomas Garland
1068,Murrelol Abraham
1069,Musgrave Thomas
1070,Muter Arthur
1071,Myers Roger
1072,Nairne Alexander
1073,Nairne Fasham
1074,Nansan John
8371,Nanfan John
1076,Nash James
1077,Needham Daniel
1078,Negus Johnathan
1079,Neish James
1080,Nelly Francis
1081,Nesbitt William
1082,Newall David Rae
1083,Newell Charles Hazell
1084,Newham John
1085,Newport Anthony
1086,Newport Christopher
1087,Newsham Thomas
1088,Newte Thomas
1089,Newton Charles
1090,Newton George
1091,Nichol John
1092,Nicholls George
1093,Nisbet Richard
1094,Nixon Thomas
1095,Norfor Robert Wright
1096,Normand James
1098,Norway Neville
1099,Nutt Justinian
1100,O'Brien John
1101,Ogilvie James
1102,O'Hare Geoffrey
1103,Oliver John
1104,Opie John
1105,Orrok Wemyss
1107,Osborne James
1108,Ostler William
1109,Own Richard
1110,Paiba John
1112,Palmer E. H.
1113,Palmer George
1114,Palmer John
1115,Palmer Robert Fish
1116,Parish J. R.
1117,Parker Thomas
1118,Parker William
1119,Parks William
1120,Parramore Thomas
1121,Parrick Andrew
1122,Parrott Abraham
8379,Nash Alexander
1124,Partington Watkin
1125,Pascall William Larkins
1126,Passmore Henry
1127,Paterson John
1128,Patrickson Thomas
1129,Patterson Alexander
1130,Patterson Charles
1131,Patterson John
1132,Patterson Robert
1133,Patterson William
1134,Patton Andrew
1135,Pattullo Robert
1136,Paul Nathaniel
1137,Payne John
1138,Payne Samuel
1139,Peacock Eustace
1140,Peacock Tempest
8382,Nash James
1142,Pearse John
1143,Pearson James
1144,Pearson John
1145,Peck William
1146,Peirce Richard
1147,Pelly Henry
1148,Pelly Henry Hinde
1149,Pelly John jr.
1151,Pemberton William
1152,Pendergrass James
1153,Pennell Richard
1154,Percival Lucas
1155,Perse William
1156,Peters William
1157,Petrie John
1158,Peyton Walter
1159,Phillips George
1160,Phillips Joseph
1161,Phinney George
1162,Phripp Richard
1163,Pidding John Rhodes
1164,Pierce Richard
1165,Pierce Thomas Burston
1166,Pigot Charles
1167,Pigou Peter
1168,Pinnel William
1169,Pinnell Richard jr.
9362,Probert _?_ 
1171,Pinson John
1172,Pitcher Thomas
1173,Pitman Frederick
1174,Pitt Wentworth George
9367,Proctor Ambrose Frederick 
1176,Pocock John
1177,Poole Benjamin
1178,Pope William Langley
1179,Portlock Nathaniel
1180,Pouncy Robert
1181,Power John
1182,Poynter James Methurst
1183,Poynting Thomas
1184,Prescott Charles Elton
1185,Prescott. Charles Elton
1186,Preston Robert
1187,Price John
1188,Price Thomas
1189,Prickman Benjamin
1190,Prince John
1191,Prince Lawrence
1192,Privett John
1193,Probert
1194,Probyn George
1195,Proctor Ambrose Frederick
1196,Proud John
1197,Pryce Josiah
1198,Purling John
1199,Purvis Charles
1200,Pye Randle
1202,Pyke Isaac
1203,Pyke John
1204,Pynne John
1205,Quicke Andrew
1207,Raincock George
9400,Purvis Charles
1209,Raines Thomas
1210,Raitt Charles
1211,Ramage Patrick
1212,Ramsay John
1213,Ramsden John
1214,Rankine Robert
1215,Rattray James
1216,Rawes Richard
1217,Rawlings Thomas
1218,Raymond Charles
9411,Handle Pye
1220,Raymond John
9413,Pyke Isaac
1222,Reid Hugh
9415,Pyke John
1224,Reay Robert
1225,Reddall Finch
1226,Reddall John
1227,Reddie John
9420,Pynne John
1229,Reed Francis
1230,Rees James
1231,Reeves Peter John
1234,Remmington Samuel
9427,Quick Andrew
1236,Reynolds William
1237,Rhode Robert
1238,Rice David
1239,Rice Henry
1240,Rice John 
1241,Richards _____
1242,Richards William
8399,Needham Daniel 
1244,Richardson George
1246,Richardson George
1247,Richardson Isaac Godsalve
1248,Riches Matthew
1249,Riddell Thomas
1250,Ridley Philip
1251,Rigby Charles
1252,Risby Henry
1253,Roberts Arundel
9446,Raincock George 
8401,Negus Jonathan
9448,Raine Thomas
1257,Robertson Alexander
1258,Robertson Andrew
1259,Robertson George
1260,Robertson Thomas
9453,Raitt Charles 
1262,Robinson Robert
1263,Robson William
1264,Roch Edward
1265,Roddam Collingwood
1266,Rogers John
1267,Rogers Samuel
1268,Rolland Peter
1269,Roper William
1270,Ross Andrew
1271,Ross James
1272,Ross Thomas
1273,Rous Benjamin
1274,Rous Robert
1275,Rous Thomas Bales
1276,Rowles Richard
9469,Ramsay John
1278,Russell Gervase
1279,Ryland Charles
1280,Ryves Thomas
1281,Salisbury John B.
1282,Salkeld Joseph
1283,Salmon Nathaniel
1284,Saltwell George
1285,Sampson Peter
1286,Samson Brook
1287,Samson Henry Morse
1288,Samson John
1289,Samson John Brook
1290,Sanders James
1291,Sanders Thomas
1292,Sandilands James
1293,Sandys John
1294,Sandys Thomas
1295,Saris John
1296,Saunders David
8408,Nelly Francis
9490,Rankine Robert
1299,Saunders Richard
1300,Savage Augustus
1301,Sax Thomas
1302,Scott Francis
1303,Scott George
1304,Scott Hugh
1305,Scott John
1306,Scott Robert
1308,Scott Thomas
1309,Scott William
1310,Seale David
1311,Sealy John
9504,Rattray James
1313,Sedgewick William
1314,Serle Samuel
1315,Sever William Crofton
1316,Sharpe John
1317,Sharpeigh Alexander
1318,Shaw John
1319,Shea Charles
9512,Rawes Richard
1321,Shepheard John
9514,Rawlings Thomas
1323,Shepherd Thomas
1324,Sheppard Richard
1325,Sherwood John
1326,Shettler Robert Brown
1327,Shilling Andrew
1328,Short John
1329,Short Joseph
9522,Raymond Charles
1331,Shutter Richard
9524,Raymond John
9525,Rayne Robert
1334,Simpson George
1336,Sinclair Alexander
1337,Skottowe John
1338,Skottowe Nicholas
1339,Slade James
1340,Slade John
1341,Slater Gilbert
1342,Smales Thomas
9781,Roberts Thomas
1344,Small Daniel
1345,Smedley Henry
1346,Smith George
1347,Smith Joazen
1348,Smith John
1349,Smith Joseph
1350,Smith Kennard
1351,Smith Nathaniel
1352,Smith Samuel
1353,Smith Thomas
1354,Smith Timothy
1355,Smith William
1356,Smyth Edmund
9549,Reay Robert 
9550,Reddall Finch
1359,Sotheby John Barnet
1360,South Thomas
9553,Reddall John 
1362,Sparrow Matthew
9555,Reddie John 
1364,Spottiswoode Robert
1365,Stacey Edmund
1366,Stainforth George
1367,Stamp Ralph
1368,Stanes Francis
1369,Stanton Joseph
1370,Stead Thomas Fisher
9563,Redman Gabriel Jemmett
1372,Stephens George
1373,Stephenson Thomas
1374,Stevens George
8421,Nesbitt William
1376,Stevens Thomas
1377,Stevens William
9570,Reed Francis
1379,Steward Francis
1380,Steward Gabriel
1381,Stewart James
1382,Stewart Alexander
1383,Stewart Charles
1384,Stewart Francis Goddard
1386,Stewart John
8423,Nesham Thomas
9580,Rees James
1389,Stoakes Peter
1390,Stokoe William
9583,Reeves John
1392,Stout Benjamin
1393,Stranack James
1394,Strover John
1395,Strutton Richard
1396,Studd Edward
1397,Studd John Lynch
9590,Reid Hugh Atkins 
1399,Sturrock Henry
1400,Style Roger and Christopher Colthurst
1401,Sumner John
1402,Sunter James
8230,Mortimer Thomas 
1404,Sutton David
1405,Sutton John
1406,Swan Richard
1407,Swanley George
1408,Swanley Richard
1409,Swanly Richard
1410,Swanston R.
1411,Swete Jasper
1412,Swinton Archibald Francis William
1413,Swinton Francis William
1414,Symonds John
1415,Talbert James
1416,Talbot William
1417,Tanner Nathaniel
1418,Tarbutt Charles Bryan
1419,Taylor Robert
1420,Taylor Thomas
1421,Taylor Thomas Rumbold
1422,Tebbut Charles
1423,Tedd John
1424,Telfer John Alexander
1425,Templer Henry
1426,Tennant James
9619,Reynolds Benjamin
1428,Terrell ?
1429,Thelwall Richard
1430,Thomas George
1431,Thomas Honoritus Leigh
1432,Thomas James
1433,Thomas Thomas
1434,Thomas William
1435,Thompson David
9628,Reynolds William 
1437,Thompson George
1438,Thompson Henry
1439,Thomson John
1440,Thomson William
9633,Rhode Robert 
1442,Thorowgood Francis
1443,Thwaites Josiah
1444,Ticehurst William
1445,Tiddeman Edward
1446,Timbrell Andrew
8433,Newall David Rae
1448,Timbrell Thomas
1449,Timins Charles S.
9642,Rice David
9643,Rice Henry
1452,Timins John F.
1453,Tindall Robert
9646,Rice John
1455,Tod James
1456,Todd Thomas
1457,Tolme David
9650,Richards _?_
1459,Tolson Thomas
1460,Torin Rovert
1461,Totten John
1462,Toussaint James
1463,Toussaint Jeremiah R.J.
1464,Tovey Zachary
1465,Towerson Gabriel
1466,Townsend Augustus
1467,Tracey Jonas
1468,Tremenheere Henry Pendares
9661,Richard William
1470,Tryon William
9663,Richardson Benjamin 
1472,Turnbull ?
1473,Turner Nathaniel
1474,Tweedale James
1475,Tweedy G. H.
1476,Tween John A.
1477,Tween John Arman
1478,Tyrell Henry
1479,Tyrie John
1480,Upton William
1481,Urmston James
1482,Utber John
9675,Richardson George
1484,Vaughan William
1485,Veitch Robert
1486,Venner C. M.
9679,Richardson Isaac Godsalve
1488,Venner John
1489,Vincent Frederick
1490,Vyvyan Abel
1491,Waddell John
1492,Wadham Thomas
1493,Waghorn Martin
1494,Wakefield Thomas
1495,Wakeman Henry
1496,Walker James 
1497,Walker Thomas
1498,Wall Thomas
1499,Wallace William
1500,Walpole Richard
8442,Newell Charles Hazelll 
1502,Ward B.
1503,Ward David James
1504,Ward Edward
1505,Ward James
1506,Ward Thomas E.
9699,Riches Matthew 
1508,Wardlaw Robert
1509,Waring William
1510,Warner Richard
1511,Warner Thomas
1512,Watson William
8444,Newham John
1514,Watts Thomas
1515,Wauchope William
1516,Waugh George
1517,Way Benjamin
1518,Way James
1519,Weathrall M. T.
1520,Webb Daniel
1521,Webb John
1522,Webb Nicholas
8234,Mortlock Charles 
1524,Webber William Jun
1525,Webster benjamin
1526,Weddell John
1527,Wedderburn Peter
1528,Wedgbrough John
1529,Welbank Thomas
1530,Welch David
1531,Welladvice Thomas
1532,Wellbank Robert
1533,Weller Charles
1534,Wells William
1535,Welstead George
1536,Weltden George
1537,West James
1538,West William Wade
9731,Rigby Charles
1540,Westerbane William
1541,Weston William
1542,Whitaker William
9735,Ripley Philip
1544,White John Jr.
9737,Risby Henry
1546,White Thomas
1547,White William Tyron
1548,Brown Robert
1549,Whitehead Walter Horrocks
1550,Whitehorne William
1551,Whiteman John Claremont
1552,Whitford Richard
8235,Mortlock James
1554,Wickham James
1555,Wilkie David
1556,Wilkinson George
9749,Roach Edward
1558,Wilkinson Thomas Hutton
1559,Wilkinson William
1560,Williams John
1561,Williams Richard
1562,Williams Robert
1563,Williams Stephen
1564,Williams Thomas
1565,Williamson Edward
1566,Williamson George
1567,Williamson James
1568,Williamson John James
1569,Williamson Richard
1570,Williamson William
1571,Willis Edward
1572,Wills Matthew
1573,Willson George
1574,Wilson Christopher
1575,Wilson Edward
1576,Wilson Henry
1577,Wilson James
1578,Wilson John Peter
1579,Wilson Jonathan
1580,Wilson Lestock
1581,Wilson Orlando Hart
9774,Roberts. John
1583,Wilson William
1584,Wimble John
1585,Winble John
1586,Winter James
1587,Winter Nehemiah
1588,Winter Ralph Farr
1589,Winter Thomas
1590,Wintersgill John
9783,Roberts William 
1592,Wood George
1593,Wood John
1594,Wood John William
9787,Robertson Alexander
1596,Wood Searles
1597,Woolmore John
9790,Robertson Andrew 
1599,Worth Isaac
1600,Worth Philip
1601,Wotton Thomas
1602,Wright George
9795,Robertson George 
1604,Wylde Charles
1605,Wynn John
1606,Wynne John
1607,Yates
1608,Yates Joseph
1610,Young James
1611,Young John William
1612,Young Robert
1613,Young Walter
1614,Younghusband William
9808,Robertson Thomas 
1626,Bryant Humphrey
8463,Newport Anthony
8464,Newport Christopher
1641,Buchanan John
9834,Robinson John
8238,Morton Matthew 
1645,Buchanan Thomas 
9602,Remmington Samuel 
9839,Robinson Robert
8469,Thoma Newte
9858,Robson William 
1668,Buggin James
8470,Newton Charles
1677,Bull Samuel 
8472,Newton George
1684,Bullock Henry 
9883,Rogers John
1375,Stevens John
9885,Rogers John
1694,Burni Benjamin
9887,Rogers John
9896,Rogers Samuel 
1706,Burdett Richard
1707,Burdett Robert
1711,Burges Henry 
1715,Burgess Thomas 
1717,Burgess William 
1718,Burgh _?_
8480,Nichol John
9924,Roper William 
1740,Burnett James Burnett
9937,Ross Andrew
1747,Burnyeat Philip 
9944,Ross James
1759,Burrish George
9954,Rous Benjamin
9955,Rous Robert
9958,Rouse Thomas Bales
1767,Burrowes Christopher
1768,Burrowes Robert 
1776,Burt Patrick
1778,Burt Patrick Henry
9977,Rowles Richard
1802,Butler Charles william
10002,Rush Henry 
1814,Butler Samuel 
1816,Butler Thomas 
10010,Russell Gervase
1820,Butta Emanuel
1822,Buttanshaw Thomas 
10045,Ryland Charles 
1856,Caise John
1857,Calbreath George
10057,Salisbury John B
10058,Salkeld Joseph
9869,Roddam Collingwood 
1878,Camell John
10071,Saltwell George
1881,Cameron Allan
1886,Cameron John
10079,Sampson John
1888,Cameron Peter 
10081,Sampson John Brook 
1890,Campbell Alexander
10084,Sampson Peter 
1893,Campbell Archibald Henry 
10087,Samson Henry Morse
1427,Tennent George
10097,Sanders Thomas 
1910,Campbell John
8247,Motley Thomas
10107,Sandilands James
1917,Campbell John
10975,Stewart Charles
1922,Campbell Patrick
1923,Campbell Peter 
10116,Sandys Thomas 
1927,Campbell Walter 
1928,Campbell William
10131,Saris John 
10137,Saunders David
10138,Saunders James
10140,Saunders Leyston 
10141,Saunders Richard
1951,Cape Jonathan
10146,Savage Augustus
1963,Carey Richard
10156,Sax Thomas
1981,Carnegie James
8525,Nixon Thomas
2000,Beadle Samuel
2001,Carr Robert
2002,Brown Robert
2003,Campbell John
2004,Dalrymple James
2005,Edwards John
2006,Grantham Caleb
2007,Hall John
2008,Hall William
2009,Hambly William
2010,Hamilton William
2011,Hay James
2012,Hide Jonathan jr.
2013,Hindman Thomas
2014,Hudson Robert
2015,Hudson Robert
2016,Hutchinson William
2017,Johnson James
2018,Lennox Charles
2019,Lewin Richard 
2020,Lloyd John
2021,Mackintosh John
2024,Musgrave Thomas
2025,Nash James
2026,Nelly Francis
2027,Price John
2028,Price John
2029,Price Thomas
2030,Price Thomas
2031,Rogers John
2032,Rogers John
2033,Scott Robert
2034,Simson George
8531,Norfor Robert Wright 
2036,Smith Joseph
2037,Smith Kennard
10231,Scott Robert
2040,Stevens John
2041,Steward Gabriel
2042,Stewart John
10235,Scott Thomas
10236,Scott William
2045,Wells William
2046,Wilson Henry
2047,Wilson William
2048,Winter Thomas
2060,Castleton Samuel
2067,Catline William
2068,Cattin William 
2076,Caulier John
8538,Normand James
10270,Seaman Edward or Edmund
9344,Prince John 
10287,Sedgwick William 
2110,Chamblet Samuel
2111,Chambr James
10307,Sever William Crofton
2124,Chapman Alfred 
2128,Chapman Henry Cleaver
2140,Charlton William
2143,Charritie John
1378,Steward Charles
2150,Chatfield Allen 
10343,Sharpe John 
2154,Chauvet David
2155,Cheap Thomas
2167,Cheyne Francis
2169,Chick Edward Lord
1436,Thompson Ebenezer
10366,Shea Charles 
2181,Chisholm Charles
10381,Shepheard John
10384,Shepheard John
10386,Shephard Richard
2195,Christian Edward
2200,Christie Charles
2205,Christopher Henry 
2206,Christopher John
2209,Chrystie Alexander 
2211,Churchill Henry 
2221,Clapham Thomas
10419,Sherwood John
10421,Shettler Robert Brown
2230,Clark Charles
10428,Shilling Andrew
2238,Clarke John
2241,Clark Thomas
10446,Short John
10447,Short Joseph
2257,Clarke Daniel
2264,Clarke John
10457,Shuter Richard
8744,Palmer John
2286,Clarke William
2290,Clarkson Joseph 
8574,Nutt Justinian 
10494,Simpson F
10495,Simson
10497,Simpson George
2311,Clements John
2317,Clevenger Charles
2320,Cliff Henry
1441,Thornhill Robert
2323,Clifford Richard 
2329,Clifton William 
10523,Sinclair Alexander
2356,Coates Thomas 
2358,Coatsworth Charles 
2359,Cobb Henry
2361,Cobham Stephen 
2362,Cobreth William
10562,Skottowe John 
8587,O'Brien John
10564,Skottowe Nicholas
10567,Slade James
10568,Slade John
2383,Coggan Francis William John
10718,Smith William
10587,Smales Thomas 
10588,Small Charles
10589,Small Daniel
2398,Cole John Richard
1598,Wordsworth John
10602,Smedley Henry 
2422,Collett Jonathan
2424,Collett Pitt
2425,Collett Thomas
10626,Smith George
2435,Collier Joseph
8599,Ogilvie James
2448,Collins John
2451,Collins Lorenzo
10648,Smith Joazen
2458,Colnett Richard
10658,Smith John
2467,Colthurst Christopher
2480,Compton Thomas
2481,Compton William
10675,Smith Joseph
10677,Smith Joseph
2487,Congreve Ralph 
10680,Smith Kennard
2492,Connis John
10686,Smith Nathaniel
2498,Consett John
2500,Constable John
1447,Timbrell James
10700,Smith Samuel
2514,Cook or Cooke John
2516,Cook Richard
2517,Cook Thomas
2518,Cook William
10711,Smith Thomas
10715,Smith Timothy 
2526,Cooke Edmund
2528,Cooke George 
10721,Smith William
10736,Smyth Edmund
2547,Cooper Allen 
2549,Cooper E
10756,Snow Raymond 
10768,Sommers Jonathan 
10769,Sotheby John Barnett 
2578,Corbyn Joseph
10772,South Thomas
2588,Corner Isaac
2589,Corner John
1450,Timins Charles Sheldon
11355,Thelwall Richard
8625,Oliver John
2614,Cotton Charles Bowland 
2616,Cotton John
2617,Cotton Joseph 
1451,Timins John
10818,Spens Nathaniel 
2631,Court Jonathan
2632,Court Matthew
2635,Court Thomas
2638,Courthope Nathaniel
10834,Spottiswoode Robert 
10853,Stacey Edmund 
2663,Cowles Jacob 
10859,Stainforth George
2669,Cowper George 
9909,Rolland Peter 
8638,Opie John
10870,Stanes Francis
2683,Coxon John 
2684,Coxwell Edward 
2685,Coxwell James 
2687,Coytmore Rowland
2688,Crabb James George
2689,Crabb Richard
2690,Craddock John 
2703,Craig John
2704,Craig Milliken 
2707,Craigie John
1454,Tod Alexander
10906,Stephens George 
2719,Cranstoun John 
10913,Stephens or Stevens William
10918,Stephenson Thomas
10925,Stevens George 
10927,Stephens or Stevens John
10930,Stephens or Stevens John
2747,Cresswell Francis 
2749,Cribb John 
2755,Crichton James
2758,Crichton Thomas
10953,Steward Charles
10954,Steward Francis
2764,Cristall John 
10958,Steward Gabriel 
10959,Steward Gabriel 
2772,Cromartie James
10968,Stewart Alexander
8655,Orrok Wemyss 
2783,Cross John
10979,Stewart Francis
2794,Crowder William
10995,Stewart James
11001,Stewart John
2811,Cruikshank or Cruickshank John 
2813,Cruikshank William
8277,Muirhead A
11005,Stewart John
12369,Whitford Richard
1458,Tolson Joseph
2840,Cumberlege John Altham 
11033,Stirling Alexander
2842,Cumine Adam 
2844,Cumming or Coming Alexander
2846,Cumming or Cuming Edward 
2848,Cumming or Cuming George 
11043,Stokes James
11045,Stokes Peter 
2855,Cummings Robert
2856,Cummings Robert
11050,Stokoe William 
11066,Storey William
8671,Osborne James
2879,Curling Robert
11077,Stout Benjamin
2888,Curtis Anthony
2889,Curtis George 
11087,Stranack James
2899,Cush Nathaniel 
8676,Ostler William 
2910,D'Abbadie Francis
2920,Dale James
11113,Strover John 
11114,Strutton Richard
2925,Dale John
11128,Studd Edward 
11129,Studd John Lynch
2939,Dalrymple James 
11132,Studholm William 
2942,Dalrymple Robert Stair
2943,Dalrymple William Henry Clare
10048,Ryves Thomas 
11139,Sturrock Henry 
11141,Style Roger
2951,Dampier Edward
2952,Dance Nathaniel 
2962,Daniell Edward Maxwell
11155,Sumner John
11158,Surflen Thomas
11169,Sutton David
11170,Sutton David
11173,Sutton John
11180,Swan Richard 
2992,D'Auvergne Philip
11186,Swanley George
11187,Swanley Richard
11192,Swanston R
11199,Swete Jasper 
3010,Davidson John
11203,Swinton Archilbald Francis William
11217,Symonds John
10063,Salmon Nathaniel 
11230,Talbert James
11231,Talbot William
11236,Tanner Nathaniel
11242,Tarbutt Charles Bryan 
3058,Davis William James
8702,Owen Richard
3069,Dawes Abraham
3074,Dawkins Jeremiah 
3076,Dawney Thomas 
3100,Deane Charles 
11295,Taylor Robert
11298,Taylor Thomas
3110,Debuke Thomas
11309,Taylor Thomas Rumbold
11319,Tebutt Charles
3128,Delafons Thomas
11321,Tedd John
11325,Telfer John Alexander
11334,Templer Henry 
3143,Dempster John Hamilton 
11337,Tennant James
11339,Tennent George 
11343,Terrell _?_
3154,Dennett Thomas
3155,Dennis Benjamin 
3157,Dennis John
1469,Trimbrell James
3163,Dennison Robert
3166,Dennison William
3168,Denny George 
11362,Thomas George 
3172,Denton Thomas 
11365,Thomas Honoritus Leigh 
3182,D'Esterre William Parker 
3183,Dethick Thomas 
11382,Thomas Thomas
11387,Thomas William
3196,Dewar James
11389,Thomason William
11399,Thompson Ebenezer 
8727,Paiba John 
11405,Thompson Henry 
3215,Dickenson Henry 
1471,Tullis William
12827,Wright George
3246,Dixon George
10201,Scott Hugh 
11444,Thomson or Thompson David 
11445,Thomson George
3262,Dobree John
11455,Thompson John
8736,Palmer E H
3268,Dodds Luke 
8205,Morris William
3279,Dominicus Abraham
11474,Thornhill Robert
8739,Palmer George 
3290,Donaldson William 
11494,Thwaites Josiah 
3304,Dorien or Dorin Joseph 
3307,Dormer Thomas 
11501,Tiddeman Edward
3313,Dorrill or Dorrell Richard
3314,Dorrill Robert
3325,Douglas George
11520,Timbrell James
11521,Timbrell Thomas
3334,Douglas Peter 
11528,Timins John Fam 
11531,Tindall Robert
10115,Sandys John
3351,Doves Cobham 
3353,Doveton John Richard Frederick 
11546,Tod Alexander 
8295,Munro Daniel Nesbitt
11482,Thorowgood Francis
8752,Palmer Robert Fish
11555,Todd Thomas
11559,Tolme David 
11562,Tolson Joseph
11563,Thoson Thomas
3381,Downton Nicholas 
3391,Drake James J
3394,Drake Richard
11588,Torin Robert
11595,Totten John
11600,Toussaint Jeremiah Richard James
3412,Driver Thomas
3414,Drummond Adam 
3415,Drummond Andrew 
3416,Drummond Charles 
11610,Towerson Gabriel
11614,Townsend Augustus 
3425,Drummond Robert 
8764,Parish J R
11628,Tracey Jonas 
11496,Ticehurst William 
3442,Dudman Joseph 
11641,Tremenheere Henry Pendarves 
3450,Duffield Henry
3452,Duffin Robert
3457,Dumbleton Thomas 
3466,Dunbar William Henry
11670,Tryon William 
3484,Dundas Charles
3485,Dundas George 
3486,Dundas James 
3488,Dundas Philip 
3489,Dundas Ralph 
3491,Dunkin Thomas 
3492,Dunlop Anthony
3493,Dunlop David
1387,Stirling Alexander
11692,Turnbull Alexander
3511,Dunsford William 
3515,Durand John
11713,Turner Nathaniel 
11729,Tweedale James
11730,Tweedy George Henry
11732,Tween John Arman 
3545,Earle William
8783,Parker Thomas 
3550,Eastabrooke John 
3551,Eastfield William John
11745,Tyrell Henry
11749,Tyrie John
8786,Parker William
3569,Eckford John 
3580,Edgecumbe Leonard 
1483,Uvedale Henry
11776,Urmston James
3588,Edmeades William 
11784,Utber John
11789,Uvedale Henry 
3605,Edwards James 
3606,Edwards John
3607,Edwards John
3610,Edwards Lewis Owen 
3614,Edwards Richard
11808,Vaughan William
11526,Timins Charles Sheldon 
3627,Egerton William
3628,Eggleston C
11821,Venner Corbyn Morris 
3630,Eglinton Anthony
11823,Venner John
3633,Eilbreck B
8799,Parks William
3644,Elkington James 
3645,Elkington Thomas 
1388,Stoakes James
11841,Vincent Frederick
3654,Elliot or Elliott Joseph 
11856,Vyvyan Abel 
11858,Waddell John
11861,Wade William
11862,Wadham= Thomas
11864,Waghorn= Martin 
3673,Ellis Edward Smith 
11872,Wakefield Thomas
11874,Wakeman Henry 
8806,Parramore Thomas
3688,Elliston Edmund 
3689,Elliston Edward
3692,Elmore Henry Mathias
8808,Parrick Andrew
3698,Ephinstone Wiliam
3701,Elsmore John
1487,Venner Corbyn Morris
11909,Walker James
9671,Richardson George
3732,Erwin George
8814,Parrott Abraham 
3735,Esplin John 
3745,Evans Arthur
12127,Watts Henry
11547,Tod James
11940,Wall Thomas
3754,Evans John
11949,Wallace William
3771,Everest Roger Barnston 
3784,Eyles James 
3786,Eymout John
8855,Paterson Alexander
11987,Walton Francis
3798,Fairfax James 
3799,Fairfax William 
3801,Fairfull Robert 
11994,Ward B
3805,Faith William
11998,Ward Edward
3807,Dalrymple James 
12003,Ward James
12014,Ward= Thomas Erasmus 
3829,Farquharson James 
8831,Parsons John
3836,Farrer Henry 
3839,Farrer William Ward 
3842,Farrington Richard Atherton 
3843,Farrington or Farington William 
12036,Waring William
10198,Scott Francis 
12040,Warner Richard 
12042,Wanner Thomas
10199,Scott George 
8834,Partington Watkin
3863,Fea Peter 
3872,Fearon James Peter 
3884,Fellers John H
3887,Fellows William Dorset 
3891,Fenn Bernard
8841,Pacall William Larkins
3897,Fenner Parsons
3917,Fergusson Benjamin
3919,Fernell William
12116,Watson William
3930,Fewson Thomas
10213,Scott John
12132,Watts Thomas
3941,Field Thomas
3942,Field Timothy 
12139,Wauchope William
8850,Passmore Henry
12143,Way Benjamin 
3960,Finnie William Hamilton 
3961,Fiott Edward 
12155,Webb Daniel 
3966,Fisher Benjamin
3968,Fisher Francis
12162,Webb Nicholas
12169,Webber William jun
12170,Webber William jun
3979,Fisher Robert
10392,Shepherd or Sheppard Thomas 
10222,Scott Robert
12183,Weddell John
12184,Wedderburn Peter 
12185,Wedgbrough John
3995,FitzHugh William 
4005,Fletcher Sir Henry 
12198,Welch David 
8860,Paterson or Patterson John 
4018,Flower John
2035,Smith John
12212,Wellbank or Welbank Robert 
12213,Wellbank Thomas sen
4024,Fogo Alexander 
4032,Foord Edward 
4033,Foot John
12229,Wells William
12230,Wells William
4041,Forbes George 
2039,Smith William
4046,Forbes James Keith
12240,Weltden George 
4053,Ford Henry William 
12258,West James
2043,Sutton David
8870,Patrickson Thomas
2044,Walker Thomas
4075,Forrest Thames
12268,Westcott George jun
4077,Forrester Bernard 
12271,Westerbane William 
4087,Fortescue Francis 
11604,Tovey Zachariah
1391,Story William
8875,Patterson Charles
4103,Foster James
4107,Foster William
4109,Fotheringham Alexander
4110,Foubister Peter
4115,Foulis Charles
4117,Foulkes John Davy 
4118,Fowler Francis
12311,Whitaker William 
1501,Walton Francis
4124,Fowler Robert Cook 
4128,Fox Gilson Reeves 
4131,Fox John 
8321,Murray Anthony 
4138,Foxall Thomas 
4140,Foy James 
8882,Patterson Robert
12337,White John sen
12338,White John jun
8884,Patterson William 
4154,Francis William 
12348,White Nathaniel
4159,Francklin or Franklin Richard 
12352,White Thomas
4164,Franklin John
4166,Franklin John Robinson 
12359,Whitehead Walter Horrocks 
12360,Whitehorne William
12361,Whiteman John Clarmont 
8887,Patton Andrew 
4177,Fraser Hugh 
4182,Fraser John
4183,Fraser William 
4185,Frayer James
12381,Whyte or White John Nelson
4192,Freeman Fielder 
12385,Wickham James
4195,Freeman John
4206,Freke William
10260,Seale David 
4219,Frognall Phineas 
4220,Frognall Thomas
12416,Wilkie David
8897,Paul Nathaniel
12428,Wilkinson George
12429,Wilkinson Henry Richard 
12576,Wilson Edward
12442,Wilkinson Thomas Hutton
12445,Wilkinson William
8325,Murray James
4262,Gaillard or Galliard Frederick 
10268,Sealy John
4268,Gale John
4282,Gallon John 
4286,Galloway _?_
12480,Williams John
4291,Gamage William Dick
12493,Williams Richard
8909,Payne Samuel 
12496,Williams Robert
12498,Williams Stephen 
4308,Gardiner Henry
4310,Gardiner Martin
4311,Gardiner Patrick
12509,Williamson Edward
12514,Williamson George
12516,Williamson James
1235,Reynolds Benjamin
12520,Williamson John James
4330,Garnault Joseph 
12525,Williamson Richard 
12533,Williamson William
8916,Peacock Eustace
8485,Nicholls George 
12548,Wills Mathew
8918,Peacock Tempest
4359,Gayer John
12552,Willson George
4374,Gelston William 
12572,Wilson Christopher
4384,Gerrard John
8923,Pearce John
4388,Gib Colin
12586,Wilson Henry
12588,Wilson Henry
12594,Wilson James
12616,Wilson John Petre
12618,Wilson Jonathan 
12621,Wilson Lestock 
12623,Wilson Orlando Hart
4434,Gifford WillIAM
8931,Pearce Thomas
4436,Gilbert Charles
12634,Wilson Walter
12635,Wilson William
4445,Gilbert Thomas
1557,Wilkinson Henry Richard
12639,Wilson William
12643,Wimble John
8935,Pearce William
10302,Serle Samuel 
12667,Winter James
4478,Gilmore John
4480,Gilmore Mungo
12673,Winter Nehemiah sen
4483,Gilpin Thomas 
12676,Winter Ralph Farr
12678,Winter Thomas
12679,Winter Thomas
4500,Glasspoole Richard 
4501,Gladstones Albert
4504,Glegg Henry
4513,Glover Alphonse
4521,Godfrey Benjamin 
4522,Godfrey Edward
8946,Pearson John 
12721,Wood George 
12730,Wood John
12732,Wood John William
12692,Wiseman William
12743,Wood Richard
12744,Wood Searles 
4555,Gooch George 
4558,Goodall Bartholomew
4565,Goodfellow John 
4572,Goodlad William
4575,Goodman Samuel 
4580,Goodsole John
4589,Gordon Charles
8958,Peck William 
4600,Gordon John
12796,Wordsworth John 
4606,Gordon Peter
4610,Gordon William
4613,Gordon William
4614,Gore Arthur
12807,Worth Isaac
12808,Worth Philip
12809,Wotton Thomas
4621,Gosfright Richard
4624,Gosnall Benjamin
4627,Gostlin Francis
4633,Gough Charles
4635,Gough Henry
8338,Murray Thomas Garland 
8967,Peirce or Pearce Richard
4658,Gowland Benjamin
4665,Graham Charles
12865,Wyche John
12867,Wyld Charles
12872,Wynn John sen
12873,Wynn John jun
8973,Pelly Henry
4688,Graham Thomas
4694,Grainger Richard
12887,Yates _?_
8975,Pelly John
12894,Yates Joseph
4713,Grant James Ludovic
4722,Grant Peter 
9159,Pinson John
4728,Grantham Caleb
4729,Grantham Caleb
4730,Grantham Nathaniel
4731,Grantham Sir Thomas
12924,Young James
10347,Sharpeigh Alexander
12933,Young John William
4745,Gray Alexander 
4748,Gray George 
12941,Young Robert
12948,Young Walter
8985,Pendergrass James
12953,Younghusband= William 
4762,Green Abraham 
1523,Webber William
4786,Greenway William Brown
4789,Greer William 
4790,Gregory Chalres
8991,Pennell Richard 
4806,Grey Robert
8889,Pattullo Robert 
4810,Gribble Charles Besly 
4812,Gribble Henry 
4817,Grieve Andrew 
4824,Griffin John
8344,Murrell Abraham
4856,Grote Joseph
4860,Grove Philip
4866,Grueber Henry 
4870,Guise John
10373,Sheen C H
9009,Percival Lucas 
4914,Haddock Joseph
4924,Haggis Charles
4928,Haig James
4932,Haig William 
4942,Haldane James
4944,Haldane John 
4946,Haldane Robert
4953,Hale Roger
4963,Halkett Henry 
4978,Hall John
4983,Hall John
4993,Hall Joseph 
4997,Hall Richard
4999,Hall Sampson 
5006,Hall William
5007,Hall William
5009,Hallett John
5012,Hallewell John
5015,Halliburton James 
5023,Hambley William
5025,Hambley William
5028,Hamilton Alexander
5031,Hamilton Archibald 
5035,Hamilton James
5041,Hamilton John
5044,Hamilton Montgomerie 
5054,Hamilton William
5055,Hamilton William
5059,Hammett William 
5064,Hammond Henry
8352,Musgrave Thomas
8217,Morrison Richard
5079,Hancock Nathaniel
9171,Pitcher Thomas (178 1_) 
5087,Handslap or Hanslapp Robert
8353,Musgrave Thomas
5099,Hannay Andrew 
5111,Hardcastle William 
5116,Harding John
5118,Harding Richard
5122,Hardwick Peter
12173,Webster Benjamin 
5132,Hardyman William Henry 
1507,Ward Thomas Erasmus
5144,Harman Thomas
1398,Studholm William
5157,Harriman Edward 
5164,Harrington or Harington Thomas Talbot 
5166,Harris Christopher
5168,Harris Francis
5171,Harris Henry
5184,Harris Thomas Herbert
8356,Muter Arthur 
5188,Harris William Harrison 
9057,Petrie John
5195,Harrison Edward
5225,Harrower George
5226,Harry Benjamin 
5228,Harry Thomas
9067,Peyton Walter
1539,Westcott George
5275,Hassell John
5276,Hassey John
5279,Hatch John
5287,Havard Thomas 
5290,Haviside or Heaviside Thomas 
5291,Haviside or Heaviside William 
5295,Hawes Stephen
9075,Phillips George 
5302,Hawkey William
5309,Hawkins Giles
5312,Hawkins William
5325,Hay James
5327,James Hay
5332,Hay Robert 
5333,Hay William
5338,Hayes John
5341,Hayes Thomas
8907,Payne John
5352,Haynes William
5357,Hayter George
5365,Hayward John
5372,Head James 
1543,White John
5385,Heath John
5389,Heath William
5398,Heathorn Joseph L
5400,Heathorn William
5408,Hedley Thomas
11820,Veitch Robert 
5416,Heming George 
5426,Henderson George
9099,Phinney George 
1545,White Nathaniel
5446,Henning Alexander
5455,Hepworth Brodie 
8365,Nairne Alexander 
1371,Steel Graham
5463,Herbert Philip 
5465,Hereford John 
9104,Phripp Richard
8366,Nairne Fasham 
5502,Hicks John
5508,Hicks Zachary 
5526,Hill Charles
9113,Pidding John Rhodes
5531,Hill John
5548,Hillman John
10482,Simmons George 
5553,Hilton John Woodbridge 
9118,Pierce Richard 
5559,Hinde Thomas
5563,Hindman Josiah
5564,Hindman Thomas
5565,Hindman Thomas
5566,Hine John 
9120,Peirce or Pearce Thomas Burston
5575,Hippon Anthony 
9122,Piercy John Wintersgill 
5584,Hitchings John
5589,Hoadley Henry
5591,Hoare Daniel Griffiths
9127,Pigott Charles
5628,Hodgson Thomas 
5629,Hodgson Thomas 
5647,Hogg Robert
5658,Holden Richard
5660,Holden Thomas
5666,Holford Arthur
5669,Holiday George
1553,Whyte John Nelson
5690,Holman Francis
5693,Holman William 
5701,Holmes Robert
5731,Hooke Benjamin
5732,Hooke Walter
5733,Hooper Charles
5735,Hooper George 
5742,Hope William
5753,Hore Matthew
5760,Hornblow William 
5763,Horncastle James 
5773,Horsburgh James
10521,Simter James
9156,Pinnell Richard jun
9157,Pinnell William
5792,Hosmer Henry 
5797,Hough Samuel
5800,Houghton John
5803,Hoimsell Richard
5804,Hounsell Thomas
5826,Howe Thomas
5830,Howes Christopher 
5836,Hoxton Walter 
5841,Huddart Joseph 
5842,Huddart William 
5846,Hudson Charles
5847,Hudson Sir Charles
5850,Hudson Henry
5853,Hudson John
5854,Hudson Robert
5855,Hudson Robert
5856,Hudson Robert
5859,Hudson Thomas
5875,Hughes Henry 
5878,Hughes Philip 
5881,Hughes Robert
5895,Hume Alexander
1403,Surflen Thomas
9175,Pitman orPittman Frederick 
5911,Hunt James 
5916,Hunt Richard
5917,Hunt Thomas
5923,Hunt William
5929,Hunter Henry
5933,Hunter John
5944,Hunter William
5951,Hurdis James
5952,Hurle John
9184,Pitt Wentworth George 
5958,Hurst Robert
5973,Hutchinson George 
5974,Hutchinson Henry 
5979,Hutchinson Norton
5984,Hutchinson William
5985,Hutchinson William
5986,Hutt Richard 
5994,Hutton William Charles 
8383,Nash James
5998,Hyde Jonathan
5999,hyde jonathan
6001,Hyde Robert 
6002,Hyde Samuel 
11924,Walker Thomas
6012,Ibister David
11925,Walker Thomas
6025,Inglis Cornelius
1513,Watts Henry
6038,Innes John
6055,Irvine _?_
6074,Isacke Matthew 
6075,Isacke Robert Matthew
9205,Pocock John 
6089,Jackson Abraham
6095,Jackson George
6101,Jackson J H
6102,Jackson James 
6103,Jackson Jeffery
6106,Jackson Joseph 
10575,Slater Gilbert
6125,Jago Samuel
9213,Poole Benjamin
6148,James Walter
6153,Jameson or Jamieson Alexander
6156,Jameson James
6183,Jeffreys J P
1297,Saunders James
6189,Jenkins Benjamin
6193,Jenkins Robert
6195,Jenkins Thomas 
6201,Jenifer James
6208,Jesson Randle
6218,Jobson William
6221,Jodrell Philip
6231,Johnson Edward
6234,Johnson Francis
6237,Johnson James
6239,Johnson John
6241,Johnson James
6242,Johnson John
6250,Johnson Magnus
6254,Johnson Robert
6257,Johnson or Johnston Thomas 
6260,Johnson Thomas Alexander
9239,Portlock Nathaniel
6285,Johnstone Charles Kinnaird
6297,Jones Benjamin
6298,Jones Charles 
6318,Jones John
11976,Walpole Richard
9758,Roberts Arundel
6343,Jones Thomas
6360,Jordan Michael
9252,Pouncy Robert 
6384,Kay Brook 
6385,Kay James
6388,Keate Samuel
6390,Keble Page
6397,Keeling William 
8942,Pearson James
6413,Kellaway James
6421,Kelso George
6432,Kemeys or Kemys Reginald
6440,Kempt Francis
6442,Kempt Rodney
6443,Kempthorne John
6445,Kendall Harry 
11997,Ward David James
1075,Nash Alexander
6465,Kent George 
6466,Kent Henry
9272,Power John
6483,Kerr Robert
6490,Kesar Charles
6499,Keymer Christopher 
6503,Kidd Thomas
6522,Overt Roger
9282,Poynter James Methurst
9283,Poynting Thomas 
1582,Wilson Walter
10650,Smith John
6572,Kirby Richard 
6583,Kirkpatrick John 
6588,Kirwan Stephen
9293,Prescott Charles Elton 
6621,Knox Robert
6623,Knox William 
12027,Wardlaw Robert 
1312,Seaman Edmund
9299,Preston Robert
6644,Ladd William Henry 
6656,Lake Samuel
6659,Lamb Edwin
6664,Lamb James Thomas
6665,Lamb or Lambe John 
9224,Pope William Langley
6680,Lambert Thomas 
6681,Lambert William
6685,Lancaster Sir James 
6694,Landon Samuel 
6697,Lane John
8407,Neish James
6727,Langworth Thomas 
10679,Smith Kennard
9314,Price John
1123,Parsons John
6740,Larkins John Pascal 
6741,Larkins Thomas
6742,Larkins Thomas
6743,Larkins Thomas
6744,Larkins William
9316,Price John
6747,Lascelles Henry
6750,Lascelles Peter
9317,Price John
6752,Lasinby Richard 
12500,Williams Thomas
6758,Lauder John 
6764,Laurie or Lawrie Henry
6775,Lawrence or Laurence Ambrose 
6779,Lawrence John
6785,Lawson John 
9323,Price Thomas
6788,Lawson Patrick 
9324,Price Thomas
1591,Wiseman William
6797,Lay William 
6798,Laycock Richard
6799,Layman William
6804,Leader James
6818,LeBlanc Charles Henry
9329,Prickman Benjamin 
6825,Ledger Edward
6837,Lee James
6844,Lee Simon 
1141,Pearce Thomas
6852,Leech Thomas Watson
11685,Tullis William
6860,Le Geyt Carteret
6866,Le Huquet Philip
6872,Leigh Henry
6879,Leith John
6883,Le Mesurier Frederick 
6887,Lennox Charles 
6888,Lennox Charles 
6890,Lennox John
6892,Lensley John 
6913,Levy John 
6914,Lewin Gregory Moffat 
6915,Lewin Richard
6916,Lewin Richard
9345,Prince Lawrence
6929,Lewis John
6930,Lewis Josiah
6932,Lewis Samuel
6934,Lewis Thomas 
6941,Ley Thomas 
1595,Wood Richard
6946,Liddell Henry
6961,Limbrey William
6965,Lindegren Charles 
6971,Lindsay Alexander 
6976,Lindsay George 
6979,Lindsay Eon Hugh 
6980,Lindsay James
6983,Lindsay Martin 
6987,Lindsay Robert
6991,Lindsey Edward
9361,Privett John
9363,Probyn George 
8963,Peers William 
7035,Lloyd John
7039,Lloyd John
7040,Lloyd John
7058,Loch John 
7059,Lochner John Christopher
7067,Locke John
7069,Locke Robert 
7083,Logan John 
9374,Proud John
7105,Lorner John
8420,Nesbitt or Nisbett Richard
7113,Louth Matthew
9380,Pryce Josiah 
7130,Lowe Benjamin 
7133,Lowe John
7140,Lowis Ninian 
7148,Luard John 
7175,Luhorne Nicholas 
7176,Luke John
1330,Show Raymond
7180,Lukin George 
1603,Wyche John
7190,Lushington Thomas 
7198,Lyde Samuel 
7199,Lyell Christopher
7203,Lyell Robert
7206,Lyell Thomas
7212,Lynch William 
9395,Purling John
7220,Lynn Thomas 
10879,Stanton Joseph 
7231,Lytton George
7233,Mabbot William 
12789,Woolmore John 
1208,Raine Thomas
7254,McCall George
1333,Simpson F.
7280,McCulloch James
7297,McDougall Dugald 
7303,MacFarlane CP 
12141,Waugh George
1219,Raymond Hugh
7320,McInnes George
7324,McIntosh C C
7326,McIntosh John
1221,Rayne Robert
1223,Reay John
9717,Riddell Thomas
10781,Spaight Arthur
7364,Mackeson Thomas 
1228,Redman Gabriel Jemmett
12152,Weathrall M T
7380,Mackintosh John
7383,Mackintosh John
7386,Mackintosh William 
10791,Sparrow Matthew
7405,MacLeod Alexander
7408,McLeod Donald 
11772,Upton William
7411,MacLeshin Peter
7413,McMillan Iver 
7422,McNab Angus 
12160,Webb John
7427,MacNamara John
7428,MacNamara William 
1243,Richardson Benjamin
7463,McTaggart John
7467,McTaggart Thomas 
7475,Madan Frederick 
7479,Maddox Leonard 
7482,Madge Thomas
7497,Mainwaring Roger
3981,Fisher Thomas 
7504,Maitland Maitland
7517,Malim _?_
7519,Malack Newman
7524,Mallison John
1254,Roberts John
7527,Man Eustace
1255,Roberts Thomas and John Hurle
7534,Manderson John Rennie 
7535,Mangles Charles Edward 
1256,Roberts William
8980,Pemberton William
7543,Manley Thomas
7552,Manning Edward 
7556,Manning William 
7560,Mansell James Perchard
1261,Robinson John
7576,Marjoribanks Campbell 
7577,Marjoribanks William 
7586,Marlowe Edmund
7588,Marquis Thomas 
7601,Marshall David
9325,Price Thomas
9460,Ramage Patrick 
7610,Marshall John 
7635,Martin Edward
7639,Martin George
7645,Martin James
7646,Martin John
7653,Martin Matthew
1277,Rush Henry
7665,Martin Samuel
7673,Martyr William
7674,Mash Robert Abbon 
7677,Mason Andrew Timbrell 
7678,Mason Benjamin
7680,Mason Charles
7684,Mason George 
7693,Mason William
7697,Massey Charles
7699,Massey Edmund
7704,Mason James
9476,Ramsden John
7729,Matthews George
7748,Maw Robert
7757,Maxwell Arthur 
12216,Weller Charles 
7769,Maxwell William 
7774,May Robert
7782,Mayne Charles Otway 
7783,Mayne John 
1298,Saunders Leyston
7793,Mead George 
7794,Mead Robert 
7798,Meadows Dixon 
7803,Mears Charles
7806,Mears William 
7834,Mercer William
7840,Meriton Henry 
10865,Stamp Ralph 
7854,Merry John
7860,Mertho John
7869,Michleborne Sir Edward
7873,Michell Gilbert
7880,Micklefield Richard
7887,Middleton David 
7889,Middleton Sir Henry 
7890,Middleton John
12238,Welstead George 
1320,Sheen C H
7931,Miller David
1322,Shepherd John
7951,Millet John
7952,Millett George
7956,Millett Nicholas
7961,Mills John
7963,Mills John
7981,Milner Roger
7984,Milner William
9523,Raymond Hugh
1332,Simmons George
7999,Minors William
8002,Minter Lawrence
8007,Misenor John
8010,Misenor Robert 
8016,Mitchell Bruce 
8017,Mitchell Sir Charles
8020,Mitchell David
10895,Steel Graham
8036,Mitchell Stephen
8038,Mitchell Thomas John William 
8044,Mitford Johan
8048,Moffat James
8055,Moffat William
8057,Moffat William
1343,Small Charles
8072,Moncrieff Lewis William
8074,Money John 
8076,Money William 
8080,Monk Thomas
8082,Monro James
8083,Monro Robert
8084,Montagu William Augustus 
8091,Montgomerie Alexander 
8095,Montgomery James
10911,Stephens or Stevens Thomas
8127,Moore Samuel (John)
9548,Reay John
12546,Wills Edward
12279,Weston William
1357,Snow Raymond
1358,Sommers Jonathan
8158,Morgan Michael
8161,Morgan Robert
1361,Spaight Arthur
8171,Moring James
1363,Spens Nathaniel
8186,Morris Arthur 
